rs,chr,position,A1,A2,Region,WTCCC_OR,WTCCC_Lower,WTCCC_Upper,WTCCC_Padd,Replication_OR,Replication_Lower,Replication_Upper,Replication_Padd,AllUK_OR,AllUK_Lower,AllUK_Upper,AllUK_Padd,DGI_OR,DGI_Lower,DGI_Upper,DGI_Padd,FUSION_OR,FUSION_Lower,FUSION_Upper,FUSION_Padd,AllCombined_OR,AllCombined_Lower,AllCombined_Upper,AllCombined_Padd
rs8050136,16,52373776,A,C,FTO,1.27,1.16,1.37,2.00E-08,1.22,1.12,1.32,5.40E-07,1.23,1.18,1.32,7.30E-14,1.03,0.91,1.17,0.25,1.11,1.02,1.2,0.017,1.17,1.12,1.22,1.30E-12
rs10946398,6,20769013,A,C,CDKAL1,1.2,1.1,1.31,2.50E-05,1.14,1.07,1.22,8.30E-05,1.16,1.1,1.22,1.30E-08,1.08,1.03,1.14,2.40E-03,1.12,1.03,1.22,9.50E-03,1.12,1.08,1.16,4.10E-11
rs5015480,10,94455539,C,T,HHEX,1.22,1.12,1.33,5.40E-06,,,,,1.13,1.07,1.19,4.60E-06,1.14,1.06,1.22,1.70E-04,1.1,1.01,1.19,0.025,1.13,1.08,1.17,5.70E-10
rs1111875,10,94452862,C,T,HHEX,,,,,,1.08,1.01,1.15,0.02,,,,,,,,,,,,,,,
rs10811661,9,22124094,C,T,CDKN2B,1.22,1.09,1.37,7.60E-04,1.18,1.08,1.28,1.70E-04,1.19,1.11,1.28,4.90E-07,1.2,1.12,1.28,5.40E-08,1.2,1.07,1.36,2.20E-03,1.2,1.14,1.25,7.80E-15
rs564398,9,22019547,C,T,CDKN2B,1.16,1.07,1.27,3.20E-04,1.12,1.05,1.19,8.60E-04,1.13,1.08,1.19,1.30E-06,1.05,0.94,1.17,0.5,1.13,1.01,1.27,0.039,1.12,1.07,1.17,1.20E-07
rs4402960,3,186994389,G,T,IGF2BP2,1.15,1.05,1.25,1.70E-03,1.09,1.01,1.16,0.018,1.11,1.05,1.16,1.60E-04,1.17,1.11,1.23,1.70E-09,1.18,1.08,1.28,2.40E-04,1.14,1.11,1.18,8.60E-16
rs13266634,8,118253964,C,T,SLC30A8,1.12,1.02,1.23,0.02,1.12,1.04,1.19,1.20E-03,1.12,1.05,1.18,7.00E-05,1.07,1,1.16,0.047,1.18,1.09,1.29,7.00E-05,1.12,1.07,1.16,5.30E-08
rs7901695,10,114744078,C,T,TCF7L2,1.37,1.25,1.49,6.70E-13,,,,,,,,,1.38,1.31,1.46,2.30E-31,1.34,1.21,1.49,1.40E-08,1.37,1.31,1.43,1.00E-48
rs5215,11,17365206,C,T,KCNJ11,1.15,1.05,1.25,1.30E-03,,,,,,,,,1.15,1.09,1.21,1.00E-07,1.11,1.02,1.2,0.014,1.14,1.1,1.19,5.00E-11
rs1801282,3,12368125,C,G,PPARG,1.23,1.09,1.41,1.30E-03,,,,,,,,,1.09,1.01,1.16,0.019,1.2,1.07,1.33,1.40E-03,1.14,1.08,1.2,1.70E-10
